topic,source,contact,contact_name,subject,body,checked_at
cybersecurity,https://www.cisa.gov,contact@mail.cisa.dhs.gov,Contact,"Request: Permission to use content from www.cisa.gov for educational, non-commercial training","Hello Contact,

I'm writing on behalf of the Celsius AI project to request permission to use publicly available content from https://www.cisa.gov for educational, non-commercial model training. 

We will only ingest content after explicit admin review and the data will be stored securely for internal research. If you prefer we limit to particular sections or provide attribution, please let us know.

Proposed use: internal, non-commercial training and research
If you have a preferred contact or policy for such requests, please reply and we'll follow it.

Thanks for your time,
Celsius AI - Admin Team
",2025-10-28T02:11:56.256628
programming,https://realpython.com,info@realpython.com,Info,"Request: Permission to use content from realpython.com for educational, non-commercial training","Hello Info,

I'm writing on behalf of the Celsius AI project to request permission to use publicly available content from https://realpython.com for educational, non-commercial model training. 

We will only ingest content after explicit admin review and the data will be stored securely for internal research. If you prefer we limit to particular sections or provide attribution, please let us know.

Proposed use: internal, non-commercial training and research
If you have a preferred contact or policy for such requests, please reply and we'll follow it.

Thanks for your time,
Celsius AI - Admin Team
",2025-10-28T02:12:04.384891
programming,https://dev.to,support@dev.to,Support,"Request: Permission to use content from dev.to for educational, non-commercial training","Hello Support,

I'm writing on behalf of the Celsius AI project to request permission to use publicly available content from https://dev.to for educational, non-commercial model training. 

We will only ingest content after explicit admin review and the data will be stored securely for internal research. If you prefer we limit to particular sections or provide attribution, please let us know.

Proposed use: internal, non-commercial training and research
If you have a preferred contact or policy for such requests, please reply and we'll follow it.

Thanks for your time,
Celsius AI - Admin Team
",2025-10-28T02:12:05.332516
programming,https://github.com/trending,you@domain.com,You,"Request: Permission to use content from github.com for educational, non-commercial training","Hello You,

I'm writing on behalf of the Celsius AI project to request permission to use publicly available content from https://github.com/trending for educational, non-commercial model training. 

We will only ingest content after explicit admin review and the data will be stored securely for internal research. If you prefer we limit to particular sections or provide attribution, please let us know.

Proposed use: internal, non-commercial training and research
If you have a preferred contact or policy for such requests, please reply and we'll follow it.

Thanks for your time,
Celsius AI - Admin Team
",2025-10-28T02:12:07.937919
programming,https://medium.com,pressinquiries@medium.com,Pressinquiries,"Request: Permission to use content from medium.com for educational, non-commercial training","Hello Pressinquiries,

I'm writing on behalf of the Celsius AI project to request permission to use publicly available content from https://medium.com for educational, non-commercial model training. 

We will only ingest content after explicit admin review and the data will be stored securely for internal research. If you prefer we limit to particular sections or provide attribution, please let us know.

Proposed use: internal, non-commercial training and research
If you have a preferred contact or policy for such requests, please reply and we'll follow it.

Thanks for your time,
Celsius AI - Admin Team
",2025-10-28T02:12:13.848223
programming,https://hackernoon.com,support@hackernoon.com,Support,"Request: Permission to use content from hackernoon.com for educational, non-commercial training","Hello Support,

I'm writing on behalf of the Celsius AI project to request permission to use publicly available content from https://hackernoon.com for educational, non-commercial model training. 

We will only ingest content after explicit admin review and the data will be stored securely for internal research. If you prefer we limit to particular sections or provide attribution, please let us know.

Proposed use: internal, non-commercial training and research
If you have a preferred contact or policy for such requests, please reply and we'll follow it.

Thanks for your time,
Celsius AI - Admin Team
",2025-10-28T02:12:16.037865
artificial_intelligence,https://arxiv.org,martin.donath@squidfunk.com,Martin Donath,"Request: Permission to use content from arxiv.org for educational, non-commercial training","Hello Martin Donath,

I'm writing on behalf of the Celsius AI project to request permission to use publicly available content from https://arxiv.org for educational, non-commercial model training. 

We will only ingest content after explicit admin review and the data will be stored securely for internal research. If you prefer we limit to particular sections or provide attribution, please let us know.

Proposed use: internal, non-commercial training and research
If you have a preferred contact or policy for such requests, please reply and we'll follow it.

Thanks for your time,
Celsius AI - Admin Team
",2025-10-28T02:12:19.033420
artificial_intelligence,https://paperswithcode.com,git@hf.co,Git,"Request: Permission to use content from paperswithcode.com for educational, non-commercial training","Hello Git,

I'm writing on behalf of the Celsius AI project to request permission to use publicly available content from https://paperswithcode.com for educational, non-commercial model training. 

We will only ingest content after explicit admin review and the data will be stored securely for internal research. If you prefer we limit to particular sections or provide attribution, please let us know.

Proposed use: internal, non-commercial training and research
If you have a preferred contact or policy for such requests, please reply and we'll follow it.

Thanks for your time,
Celsius AI - Admin Team
",2025-10-28T02:12:25.267655
artificial_intelligence,https://huggingface.co,git@hf.co,Git,"Request: Permission to use content from huggingface.co for educational, non-commercial training","Hello Git,

I'm writing on behalf of the Celsius AI project to request permission to use publicly available content from https://huggingface.co for educational, non-commercial model training. 

We will only ingest content after explicit admin review and the data will be stored securely for internal research. If you prefer we limit to particular sections or provide attribution, please let us know.

Proposed use: internal, non-commercial training and research
If you have a preferred contact or policy for such requests, please reply and we'll follow it.

Thanks for your time,
Celsius AI - Admin Team
",2025-10-28T02:12:28.037641
science,https://www.nature.com,jo.smith@university.ac.uk,Jo Smith,"Request: Permission to use content from www.nature.com for educational, non-commercial training","Hello Jo Smith,

I'm writing on behalf of the Celsius AI project to request permission to use publicly available content from https://www.nature.com for educational, non-commercial model training. 

We will only ingest content after explicit admin review and the data will be stored securely for internal research. If you prefer we limit to particular sections or provide attribution, please let us know.

Proposed use: internal, non-commercial training and research
If you have a preferred contact or policy for such requests, please reply and we'll follow it.

Thanks for your time,
Celsius AI - Admin Team
",2025-10-28T02:12:33.560374
science,https://www.scientificamerican.com,randp@sciam.com,Randp,"Request: Permission to use content from www.scientificamerican.com for educational, non-commercial training","Hello Randp,

I'm writing on behalf of the Celsius AI project to request permission to use publicly available content from https://www.scientificamerican.com for educational, non-commercial model training. 

We will only ingest content after explicit admin review and the data will be stored securely for internal research. If you prefer we limit to particular sections or provide attribution, please let us know.

Proposed use: internal, non-commercial training and research
If you have a preferred contact or policy for such requests, please reply and we'll follow it.

Thanks for your time,
Celsius AI - Admin Team
",2025-10-28T02:12:40.648175
technology,https://techcrunch.com,tips@techcrunch.com,Tips,"Request: Permission to use content from techcrunch.com for educational, non-commercial training","Hello Tips,

I'm writing on behalf of the Celsius AI project to request permission to use publicly available content from https://techcrunch.com for educational, non-commercial model training. 

We will only ingest content after explicit admin review and the data will be stored securely for internal research. If you prefer we limit to particular sections or provide attribution, please let us know.

Proposed use: internal, non-commercial training and research
If you have a preferred contact or policy for such requests, please reply and we'll follow it.

Thanks for your time,
Celsius AI - Admin Team
",2025-10-28T02:12:44.367329
technology,https://arstechnica.com,adinquiries@condenast.com,Adinquiries,"Request: Permission to use content from arstechnica.com for educational, non-commercial training","Hello Adinquiries,

I'm writing on behalf of the Celsius AI project to request permission to use publicly available content from https://arstechnica.com for educational, non-commercial model training. 

We will only ingest content after explicit admin review and the data will be stored securely for internal research. If you prefer we limit to particular sections or provide attribution, please let us know.

Proposed use: internal, non-commercial training and research
If you have a preferred contact or policy for such requests, please reply and we'll follow it.

Thanks for your time,
Celsius AI - Admin Team
",2025-10-28T02:12:48.794059
technology,https://www.wired.com,help@newyorker.com,Help,"Request: Permission to use content from www.wired.com for educational, non-commercial training","Hello Help,

I'm writing on behalf of the Celsius AI project to request permission to use publicly available content from https://www.wired.com for educational, non-commercial model training. 

We will only ingest content after explicit admin review and the data will be stored securely for internal research. If you prefer we limit to particular sections or provide attribution, please let us know.

Proposed use: internal, non-commercial training and research
If you have a preferred contact or policy for such requests, please reply and we'll follow it.

Thanks for your time,
Celsius AI - Admin Team
",2025-10-28T02:12:55.600440
technology,https://www.theverge.com,sales@voxmedia.com,Sales,"Request: Permission to use content from www.theverge.com for educational, non-commercial training","Hello Sales,

I'm writing on behalf of the Celsius AI project to request permission to use publicly available content from https://www.theverge.com for educational, non-commercial model training. 

We will only ingest content after explicit admin review and the data will be stored securely for internal research. If you prefer we limit to particular sections or provide attribution, please let us know.

Proposed use: internal, non-commercial training and research
If you have a preferred contact or policy for such requests, please reply and we'll follow it.

Thanks for your time,
Celsius AI - Admin Team
",2025-10-28T02:12:56.769497
web_development,https://smashingmagazine.com,mac@smashingmagazine.com,Mac,"Request: Permission to use content from smashingmagazine.com for educational, non-commercial training","Hello Mac,

I'm writing on behalf of the Celsius AI project to request permission to use publicly available content from https://smashingmagazine.com for educational, non-commercial model training. 

We will only ingest content after explicit admin review and the data will be stored securely for internal research. If you prefer we limit to particular sections or provide attribution, please let us know.

Proposed use: internal, non-commercial training and research
If you have a preferred contact or policy for such requests, please reply and we'll follow it.

Thanks for your time,
Celsius AI - Admin Team
",2025-10-28T02:13:05.732859
web_development,https://web.dev,rachelandrew@google.com,Rachelandrew,"Request: Permission to use content from web.dev for educational, non-commercial training","Hello Rachelandrew,

I'm writing on behalf of the Celsius AI project to request permission to use publicly available content from https://web.dev for educational, non-commercial model training. 

We will only ingest content after explicit admin review and the data will be stored securely for internal research. If you prefer we limit to particular sections or provide attribution, please let us know.

Proposed use: internal, non-commercial training and research
If you have a preferred contact or policy for such requests, please reply and we'll follow it.

Thanks for your time,
Celsius AI - Admin Team
",2025-10-28T02:13:10.299711
data_science,https://datasciencecentral.com,webmaster@techtarget.com,Webmaster,"Request: Permission to use content from datasciencecentral.com for educational, non-commercial training","Hello Webmaster,

I'm writing on behalf of the Celsius AI project to request permission to use publicly available content from https://datasciencecentral.com for educational, non-commercial model training. 

We will only ingest content after explicit admin review and the data will be stored securely for internal research. If you prefer we limit to particular sections or provide attribution, please let us know.

Proposed use: internal, non-commercial training and research
If you have a preferred contact or policy for such requests, please reply and we'll follow it.

Thanks for your time,
Celsius AI - Admin Team
",2025-10-28T02:13:34.574608
systems_programming,https://lwn.net,20250813205526.2992911-1-kpsingh@kernel.org,20250813205526 2992911-1-Kpsingh,"Request: Permission to use content from lwn.net for educational, non-commercial training","Hello 20250813205526 2992911-1-Kpsingh,

I'm writing on behalf of the Celsius AI project to request permission to use publicly available content from https://lwn.net for educational, non-commercial model training. 

We will only ingest content after explicit admin review and the data will be stored securely for internal research. If you prefer we limit to particular sections or provide attribution, please let us know.

Proposed use: internal, non-commercial training and research
If you have a preferred contact or policy for such requests, please reply and we'll follow it.

Thanks for your time,
Celsius AI - Admin Team
",2025-10-28T02:13:35.747434
general_knowledge,https://wikipedia.org,wikinews-logo_sister@2x.png,Wikinews-Logo Sister,"Request: Permission to use content from wikipedia.org for educational, non-commercial training","Hello Wikinews-Logo Sister,

I'm writing on behalf of the Celsius AI project to request permission to use publicly available content from https://wikipedia.org for educational, non-commercial model training. 

We will only ingest content after explicit admin review and the data will be stored securely for internal research. If you prefer we limit to particular sections or provide attribution, please let us know.

Proposed use: internal, non-commercial training and research
If you have a preferred contact or policy for such requests, please reply and we'll follow it.

Thanks for your time,
Celsius AI - Admin Team
",2025-10-28T02:13:42.397660
engineering,https://engineering.com,info@engineering.com,Info,"Request: Permission to use content from engineering.com for educational, non-commercial training","Hello Info,

I'm writing on behalf of the Celsius AI project to request permission to use publicly available content from https://engineering.com for educational, non-commercial model training. 

We will only ingest content after explicit admin review and the data will be stored securely for internal research. If you prefer we limit to particular sections or provide attribution, please let us know.

Proposed use: internal, non-commercial training and research
If you have a preferred contact or policy for such requests, please reply and we'll follow it.

Thanks for your time,
Celsius AI - Admin Team
",2025-10-28T02:13:52.979248
business_finance,https://www.forbes.com,corrections@forbes.com,Corrections,"Request: Permission to use content from www.forbes.com for educational, non-commercial training","Hello Corrections,

I'm writing on behalf of the Celsius AI project to request permission to use publicly available content from https://www.forbes.com for educational, non-commercial model training. 

We will only ingest content after explicit admin review and the data will be stored securely for internal research. If you prefer we limit to particular sections or provide attribution, please let us know.

Proposed use: internal, non-commercial training and research
If you have a preferred contact or policy for such requests, please reply and we'll follow it.

Thanks for your time,
Celsius AI - Admin Team
",2025-10-28T02:14:00.215408
cybersecurity,https://www.reddit.com/r/netsec/,homepage%20graphics%20_%20post@2x.png,Homepage%20Graphics%20 %20Post,"Request: Permission to use content from www.reddit.com for educational, non-commercial training","Hello Homepage%20Graphics%20 %20Post,

I'm writing on behalf of the Celsius AI project to request permission to use publicly available content from https://www.reddit.com/r/netsec/ for educational, non-commercial model training. 

We will only ingest content after explicit admin review and the data will be stored securely for internal research. If you prefer we limit to particular sections or provide attribution, please let us know.

Proposed use: internal, non-commercial training and research
If you have a preferred contact or policy for such requests, please reply and we'll follow it.

Thanks for your time,
Celsius AI - Admin Team
",2025-10-28T02:20:41.909214
cybersecurity,https://news.ycombinator.com/,hn@ycombinator.com,Hn,"Request: Permission to use content from news.ycombinator.com for educational, non-commercial training","Hello Hn,

I'm writing on behalf of the Celsius AI project to request permission to use publicly available content from https://news.ycombinator.com/ for educational, non-commercial model training. 

We will only ingest content after explicit admin review and the data will be stored securely for internal research. If you prefer we limit to particular sections or provide attribution, please let us know.

Proposed use: internal, non-commercial training and research
If you have a preferred contact or policy for such requests, please reply and we'll follow it.

Thanks for your time,
Celsius AI - Admin Team
",2025-10-28T02:20:42.911277
programming,https://www.reddit.com/r/programming/,homepage%20graphics%20_%20post@2x.png,Homepage%20Graphics%20 %20Post,"Request: Permission to use content from www.reddit.com for educational, non-commercial training","Hello Homepage%20Graphics%20 %20Post,

I'm writing on behalf of the Celsius AI project to request permission to use publicly available content from https://www.reddit.com/r/programming/ for educational, non-commercial model training. 

We will only ingest content after explicit admin review and the data will be stored securely for internal research. If you prefer we limit to particular sections or provide attribution, please let us know.

Proposed use: internal, non-commercial training and research
If you have a preferred contact or policy for such requests, please reply and we'll follow it.

Thanks for your time,
Celsius AI - Admin Team
",2025-10-28T02:20:45.882029
programming,https://news.ycombinator.com/,hn@ycombinator.com,Hn,"Request: Permission to use content from news.ycombinator.com for educational, non-commercial training","Hello Hn,

I'm writing on behalf of the Celsius AI project to request permission to use publicly available content from https://news.ycombinator.com/ for educational, non-commercial model training. 

We will only ingest content after explicit admin review and the data will be stored securely for internal research. If you prefer we limit to particular sections or provide attribution, please let us know.

Proposed use: internal, non-commercial training and research
If you have a preferred contact or policy for such requests, please reply and we'll follow it.

Thanks for your time,
Celsius AI - Admin Team
",2025-10-28T02:20:46.866972
artificial_intelligence,https://www.reddit.com/r/MachineLearning/,homepage%20graphics%20_%20post@2x.png,Homepage%20Graphics%20 %20Post,"Request: Permission to use content from www.reddit.com for educational, non-commercial training","Hello Homepage%20Graphics%20 %20Post,

I'm writing on behalf of the Celsius AI project to request permission to use publicly available content from https://www.reddit.com/r/MachineLearning/ for educational, non-commercial model training. 

We will only ingest content after explicit admin review and the data will be stored securely for internal research. If you prefer we limit to particular sections or provide attribution, please let us know.

Proposed use: internal, non-commercial training and research
If you have a preferred contact or policy for such requests, please reply and we'll follow it.

Thanks for your time,
Celsius AI - Admin Team
",2025-10-28T02:20:51.335491
artificial_intelligence,https://news.ycombinator.com/,hn@ycombinator.com,Hn,"Request: Permission to use content from news.ycombinator.com for educational, non-commercial training","Hello Hn,

I'm writing on behalf of the Celsius AI project to request permission to use publicly available content from https://news.ycombinator.com/ for educational, non-commercial model training. 

We will only ingest content after explicit admin review and the data will be stored securely for internal research. If you prefer we limit to particular sections or provide attribution, please let us know.

Proposed use: internal, non-commercial training and research
If you have a preferred contact or policy for such requests, please reply and we'll follow it.

Thanks for your time,
Celsius AI - Admin Team
",2025-10-28T02:20:52.002829
cybersecurity,https://krebsonsecurity.com,help@washpost.com,Help,"Request: Permission to use content from krebsonsecurity.com for educational, non-commercial training","Hello Help,

I'm writing on behalf of the Celsius AI project to request permission to use publicly available content from https://krebsonsecurity.com for educational, non-commercial model training. 

We will only ingest content after explicit admin review and the data will be stored securely for internal research. If you prefer we limit to particular sections or provide attribution, please let us know.

Proposed use: internal, non-commercial training and research
If you have a preferred contact or policy for such requests, please reply and we'll follow it.

Thanks for your time,
Celsius AI - Admin Team
",2025-10-28T02:31:02.258417
